category,discounted_price,actual_price,profit_margin,rating,rating_count,total_rating_value,avg_discounted_price,avg_actual_price,avg_rating
Car&Motorbike|CarAccessories|InteriorAccessories|AirPurifiers&Ionizers,2339.0,4000.0,1661.0,3.8,1118,4248.4,2.092128801431127,3.5778175313059033,3.8
Computers&Accessories|Accessories&Peripherals|Adapters|USBtoUSBAdapters,443.0,5398.0,4955.0,4.15,5966,25191.8,0.07425410660408985,0.9047938317130405,4.222561180020114
Computers&Accessories|Accessories&Peripherals|Audio&VideoAccessories|PCHeadsets,649.0,999.0,350.0,3.5,7222,25277.0,0.0898643035170313,0.13832733314871226,3.5
Computers&Accessories|Accessories&Peripherals|Audio&VideoAccessories|PCMicrophones,1148.0,2499.0,1351.0,3.5999999999999996,17773,67632.3,0.06459235919653407,0.14060653800708942,3.805339560006752
Computers&Accessories|Accessories&Peripherals|Audio&VideoAccessories|PCSpeakers,1498.0,2799.0,1301.0,4.05,12547,50707.5,0.11939108950346697,0.22308121463298,4.041404319757711
Computers&Accessories|Accessories&Peripherals|Audio&VideoAccessories|Webcams&VoIPEquipment|Webcams,3880.0,8085.0,4205.0,4.199999999999999,31374,132713.0,0.12366928029578632,0.2576974564926372,4.230031236055332
Computers&Accessories|Accessories&Peripherals|Cables&Accessories|CableConnectionProtectors,297.0,2997.0,2700.0,4.033333333333333,11543,47047.1,0.025729879580698257,0.25963787576886427,4.07581218054232
Computers&Accessories|Accessories&Peripherals|Cables&Accessories|Cables|DVICables,499.0,1100.0,601.0,4.4,25177,110778.8,0.019819676689041586,0.043690670056003494,4.4
Computers&Accessories|Accessories&Peripherals|Cables&Accessories|Cables|EthernetCables,525.0,1198.0,673.0,4.4,16448,72371.20000000001,0.031918774319066145,0.07283560311284047,4.4
Computers&Accessories|Accessories&Peripherals|Cables&Accessories|Cables|SATACables,349.0,999.0,650.0,3.9,817,3186.2999999999997,0.42717258261933905,1.222766217870257,3.8999999999999995
Computers&Accessories|Accessories&Peripherals|Cables&Accessories|Cables|USBCables,84048.62,211103.32,127054.7,4.151931330472103,3547816,14921171.0,0.02369024210951188,0.05950233044780225,4.205734175616774
Computers&Accessories|Accessories&Peripherals|HardDiskBags,895.0,1997.0,1102.0,4.333333333333333,37603,167701.0,0.023801292450070472,0.05310746482993378,4.4597771454405235
Computers&Accessories|Accessories&Peripherals|HardDriveAccessories|Caddies,199.0,799.0,600.0,4.1,7333,30065.299999999996,0.027137597163507433,0.10895949815900723,4.1
"Computers&Accessories|Accessories&Peripherals|Keyboards,Mice&InputDevices|GraphicTablets",6268.0,14529.0,8261.0,3.9818181818181815,37958,150834.3,0.16512988039411983,0.38276516149428313,3.9737156857579428
"Computers&Accessories|Accessories&Peripherals|Keyboards,Mice&InputDevices|Keyboard&MiceAccessories|DustCovers",154.0,1298.0,1144.0,3.4,20925,72099.1,0.007359617682198327,0.0620310633213859,3.4455961768219834
"Computers&Accessories|Accessories&Peripherals|Keyboards,Mice&InputDevices|Keyboard&MiceAccessories|MousePads",2949.0,7679.0,4730.0,4.375,32212,141728.1,0.09154973301875077,0.2383894200918912,4.399854091642866
"Computers&Accessories|Accessories&Peripherals|Keyboards,Mice&InputDevices|Keyboard&MouseSets",11887.0,17776.0,5889.0,4.05,161991,662725.6,0.07338061991098271,0.10973449142236297,4.091126050212666
"Computers&Accessories|Accessories&Peripherals|Keyboards,Mice&InputDevices|Keyboards",6412.0,9287.0,2875.0,4.12,104394,429237.7,0.06142115447247926,0.08896105140142153,4.1117085273099985
"Computers&Accessories|Accessories&Peripherals|Keyboards,Mice&InputDevices|Mice",14624.0,25339.0,10715.0,4.2875000000000005,407289,1772057.7,0.03590570823174699,0.06221380886790461,4.35086069105721
Computers&Accessories|Accessories&Peripherals|LaptopAccessories,1399.0,2490.0,1091.0,4.3,11074,47618.2,0.12633194870868703,0.2248510023478418,4.3
Computers&Accessories|Accessories&Peripherals|LaptopAccessories|Bags&Sleeves|LaptopSleeves&Slipcases,2164.0,6094.0,3930.0,4.25,57791,246704.09999999998,0.0374452769462373,0.1054489453375093,4.268901732103615
Computers&Accessories|Accessories&Peripherals|LaptopAccessories|CameraPrivacyCovers,367.0,597.0,230.0,4.3,21921,94260.3,0.016741936955430865,0.027234159025591897,4.3
Computers&Accessories|Accessories&Peripherals|LaptopAccessories|CoolingPads,1598.0,2998.0,1400.0,4.1,35042,145656.2,0.04560241995319902,0.08555447748416187,4.156617772958165
Computers&Accessories|Accessories&Peripherals|LaptopAccessories|Lapdesks,9416.0,27236.0,17820.0,4.064285714285714,107177,440339.39999999997,0.08785467031172733,0.2541216865558842,4.108525149985538
Computers&Accessories|Accessories&Peripherals|LaptopAccessories|LaptopChargers&PowerSupplies,4046.0,9340.0,5294.0,3.9799999999999995,27569,109571.0,0.14675904095179368,0.3387863179658312,3.9744277993398383
Computers&Accessories|Accessories&Peripherals|LaptopAccessories|NotebookComputerStands,1247.0,4997.0,3750.0,4.3,30430,131232.3,0.040979296746631616,0.16421294774893197,4.312596122247782
Computers&Accessories|Accessories&Peripherals|PCGamingPeripherals|Gamepads,2697.0,6039.0,3342.0,4.266666666666667,64658,283790.0,0.04171177580500479,0.09339911534535557,4.389093383649355
Computers&Accessories|Accessories&Peripherals|PCGamingPeripherals|GamingKeyboards,5317.0,8798.0,3481.0,4.366666666666666,6402,27782.8,0.8305217119650109,1.3742580443611372,4.339706341768197
Computers&Accessories|Accessories&Peripherals|PCGamingPeripherals|GamingMice,5662.0,9737.0,4075.0,4.383333333333334,66068,290388.8,0.08569958224859237,0.14737845855784948,4.3953018102560995
Computers&Accessories|Accessories&Peripherals|PCGamingPeripherals|Headsets,3938.0,10297.0,6359.0,4.033333333333333,29479,121778.5,0.13358662098442958,0.3492995013399369,4.131025475762407
"Computers&Accessories|Accessories&Peripherals|TabletAccessories|Bags,Cases&Sleeves|Cases",1098.0,3998.0,2900.0,4.3,16562,71216.59999999999,0.06629634102161575,0.24139596667069194,4.3
Computers&Accessories|Accessories&Peripherals|TabletAccessories|ScreenProtectors,2790.0,7595.0,4805.0,4.18,27920,121489.8,0.09992836676217765,0.2720272206303725,4.351353868194843
Computers&Accessories|Accessories&Peripherals|TabletAccessories|Stands,149.0,499.0,350.0,4.1,25607,104988.7,0.005818721443355332,0.01948685906197524,4.1
Computers&Accessories|Accessories&Peripherals|USBGadgets|Lamps,524.0,1235.0,711.0,3.94,24667,91892.6,0.02124295617626789,0.05006689098795962,3.72532533344144
Computers&Accessories|Accessories&Peripherals|USBHubs,2765.0,4725.0,1960.0,3.94,24939,92999.1,0.11087052407875216,0.18946228798267772,3.729062913508962
Computers&Accessories|Accessories&Peripherals|UninterruptedPowerSupplies,3299.0,4100.0,801.0,3.9,15783,61553.7,0.2090223658366597,0.2597731736678705,3.9
Computers&Accessories|Components|InternalHardDrives,199.0,999.0,800.0,4.2,362,1520.4,0.5497237569060773,2.7596685082872927,4.2
Computers&Accessories|Components|InternalSolidStateDrives,6831.0,13200.0,6369.0,4.3999999999999995,98469,442304.6,0.06937208664655882,0.13405234134600738,4.49181569834161
Computers&Accessories|Components|Memory,1792.0,3500.0,1708.0,4.5,26194,117873.0,0.068412613575628,0.13361838588989844,4.5
Computers&Accessories|ExternalDevices&DataStorage|ExternalHardDisks,21101.0,27856.0,6755.0,4.3999999999999995,213112,946399.3,0.09901366417658321,0.13071061226022,4.440854104883817
Computers&Accessories|ExternalDevices&DataStorage|ExternalMemoryCardReaders,549.0,999.0,450.0,4.3,7758,33359.4,0.07076566125290024,0.12877030162412992,4.3
Computers&Accessories|ExternalDevices&DataStorage|ExternalSolidStateDrives,10389.0,32000.0,21611.0,4.4,41398,182151.2,0.25095415237451085,0.7729842021353689,4.4
Computers&Accessories|ExternalDevices&DataStorage|PenDrives,6686.0,16600.0,9914.0,4.26,774744,3320744.8,0.008629947440702994,0.02142643247317824,4.286247844449263
Computers&Accessories|Laptops|TraditionalLaptops,37247.0,59890.0,22643.0,4.0,323,1292.0,115.3157894736842,185.41795665634675,4.0
Computers&Accessories|Monitors,16398.0,32860.0,16462.0,4.25,4637,19737.7,3.536338149665732,7.0864783265042055,4.2565667457407805
Computers&Accessories|NetworkingDevices,1199.0,3490.0,2291.0,4.1,11716,48035.6,0.10233868214407647,0.29788323659952204,4.1
Computers&Accessories|NetworkingDevices|DataCards&Dongles,2099.0,3250.0,1151.0,3.8,11213,42609.4,0.18719343619013645,0.28984214750735754,3.8000000000000003
Computers&Accessories|NetworkingDevices|NetworkAdapters|BluetoothAdapters,599.0,899.0,300.0,4.3,95116,408998.8,0.006297573489213172,0.009451616972959334,4.3
Computers&Accessories|NetworkingDevices|NetworkAdapters|PowerLANAdapters,1199.0,1999.0,800.0,4.5,22420,100890.0,0.05347903657448706,0.0891614629794826,4.5
Computers&Accessories|NetworkingDevices|NetworkAdapters|WirelessUSBAdapters,12998.0,24992.0,11994.0,4.094444444444445,727113,3063725.9000000004,0.017876176055166115,0.034371548851416495,4.213548513092189
Computers&Accessories|NetworkingDevices|Repeaters&Extenders,4957.0,11597.0,6640.0,4.2,222371,933958.2,0.02229157579000859,0.052151584514167765,4.2
Computers&Accessories|NetworkingDevices|Routers,14637.0,26804.0,12167.0,4.2555555555555555,311801,1325044.1,0.046943403003838986,0.08596508670594386,4.249646729805229
"Computers&Accessories|Printers,Inks&Accessories|Inks,Toners&Cartridges|InkjetInkCartridges",2450.0,2749.0,299.0,4.25,23599,100042.6,0.10381795838806729,0.11648798677910081,4.2392728505445145
"Computers&Accessories|Printers,Inks&Accessories|Inks,Toners&Cartridges|InkjetInkRefills&Kits",549.0,1999.0,1450.0,4.3,1367,5878.099999999999,0.401609363569861,1.4623262618873445,4.3
"Computers&Accessories|Printers,Inks&Accessories|Inks,Toners&Cartridges|TonerCartridges",598.0,1150.0,552.0,4.1,2535,10393.5,0.2358974358974359,0.4536489151873767,4.1
"Computers&Accessories|Printers,Inks&Accessories|Printers",15197.0,17692.96,2495.96,3.6666666666666665,34241,123575.4,0.44382465465377763,0.5167185537805554,3.608989223445577
"Computers&Accessories|Printers,Inks&Accessories|Printers|InkjetPrinters",11847.0,13500.0,1653.0,3.5999999999999996,15837,55306.6,0.7480583443834059,0.8524341731388521,3.4922396918608323
Computers&Accessories|Tablets,26999.0,37999.0,11000.0,4.6,2886,13275.599999999999,9.355162855162854,13.166666666666666,4.6
Electronics|Accessories|MemoryCards|MicroSD,10917.0,28197.0,17280.0,4.330769230769231,1113592,4854161.7,0.009803410944044138,0.025320763798590506,4.359012726384528
Electronics|Accessories|MemoryCards|SecureDigitalCards,449.0,800.0,351.0,4.4,69585,306174.0,0.006452540058920745,0.011496730617230725,4.4
Electronics|Cameras&Photography|Accessories|Batteries&Chargers|BatteryChargers,299.0,400.0,101.0,3.8,40895,155401.0,0.007311407262501528,0.009781146839466928,3.8
Electronics|Cameras&Photography|Accessories|Cleaners|CleaningKits,299.0,499.0,200.0,4.2,24432,102614.40000000001,0.012238048461034708,0.020424034053700066,4.2
Electronics|Cameras&Photography|Accessories|Film,549.0,549.0,0.0,4.5,4875,21937.5,0.11261538461538462,0.11261538461538462,4.5
Electronics|Cameras&Photography|Accessories|PhotoStudio&Lighting|PhotoBackgroundAccessories|BackgroundSupports,699.0,1299.0,600.0,4.3,6183,26586.899999999998,0.11305191654536632,0.21009218825812712,4.3
Electronics|Cameras&Photography|Accessories|Tripods&Monopods|CompleteTripodUnits,1549.0,2495.0,946.0,4.4,15137,66602.8,0.10233203408865693,0.1648279051331175,4.4
Electronics|Cameras&Photography|Accessories|Tripods&Monopods|Tabletop&TravelTripods,1125.0,4789.0,3664.0,4.35,37912,164098.9,0.029673981852711542,0.1263188436378983,4.328415805022156
Electronics|Cameras&Photography|Accessories|Tripods&Monopods|TripodLegs,748.0,1990.0,1242.0,4.05,28048,111390.0,0.026668568168853393,0.0709498003422704,3.971406160867085
Electronics|Cameras&Photography|Flashes|Macro&RinglightFlashes,799.0,1999.0,1200.0,3.8,12958,49240.399999999994,0.061660750115758604,0.15426763389411946,3.7999999999999994
Electronics|Cameras&Photography|SecurityCameras|DomeCameras,13786.0,25488.0,11702.0,4.1,148848,627963.2000000001,0.09261797269697947,0.17123508545630442,4.218821885413308
Electronics|Cameras&Photography|VideoCameras,499.0,1999.0,1500.0,3.7,3369,12465.300000000001,0.1481151677055506,0.593351142772336,3.7
Electronics|GeneralPurposeBatteries&BatteryChargers,1957.0,2150.0,193.0,4.375,53394,234885.10000000003,0.03665205828370229,0.04026669663258044,4.3990916582387545
Electronics|GeneralPurposeBatteries&BatteryChargers|DisposableBatteries,2292.0,2719.0,427.0,4.414285714285715,84049,374300.7,0.02726980689835691,0.032350176682649404,4.453362919249486
Electronics|GeneralPurposeBatteries&BatteryChargers|RechargeableBatteries,1128.0,1348.0,220.0,4.166666666666667,52859,221705.3,0.021339790764108288,0.025501806693278343,4.194277228097391
"Electronics|Headphones,Earbuds&Accessories|Adapters",240.0,1998.0,1758.0,3.9,12982,50629.799999999996,0.01848713603450932,0.1539054074872901,3.8999999999999995
"Electronics|Headphones,Earbuds&Accessories|Cases",119.0,499.0,380.0,4.3,15032,64637.6,0.007916444917509313,0.03319584885577435,4.3
"Electronics|Headphones,Earbuds&Accessories|Earpads",99.0,999.0,900.0,3.8,594,2257.2,0.16666666666666666,1.6818181818181819,3.8
"Electronics|Headphones,Earbuds&Accessories|Headphones|In-Ear",50761.0,153924.0,103163.0,3.898076923076923,4204939,16912578.4,0.012071756570071528,0.036605525074204406,4.0220746127351665
"Electronics|Headphones,Earbuds&Accessories|Headphones|On-Ear",8909.0,21152.0,12243.0,4.0625,542870,2216417.4,0.01641092710962109,0.03896328771160683,4.082777460533829
"Electronics|Headphones,Earbuds&Accessories|Headphones|Over-Ear",2448.0,7498.0,5050.0,4.0,68241,277178.3,0.035872862355475446,0.1098752949106842,4.061756129013349
Electronics|HomeAudio|Accessories|Adapters,209.0,600.0,391.0,4.4,18872,83036.8,0.011074607884696906,0.0317931326833404,4.4
Electronics|HomeAudio|Accessories|SpeakerAccessories|Mounts,349.0,1299.0,950.0,4.0,3295,13180.0,0.10591805766312595,0.39423368740515935,4.0
Electronics|HomeAudio|MediaStreamingDevices|StreamingClients,4699.0,4699.0,0.0,4.5,224,1008.0,20.977678571428573,20.977678571428573,4.5
Electronics|HomeAudio|Speakers|BluetoothSpeakers,7494.0,16476.0,8982.0,4.05,185268,760269.9,0.04044951097869033,0.08893063022216464,4.103622320098452
Electronics|HomeAudio|Speakers|MultimediaSpeakerSystems,499.0,799.0,300.0,3.9,6742,26293.8,0.07401364580243251,0.11851082764758232,3.9
Electronics|HomeAudio|Speakers|OutdoorSpeakers,4196.0,9487.0,5291.0,4.0,74480,305200.8,0.056337271750805586,0.1273764769065521,4.097755102040816
Electronics|HomeAudio|Speakers|SoundbarSpeakers,4999.0,12499.0,7500.0,4.2,4541,19072.2,1.1008588416648315,2.7524774278793216,4.2
Electronics|HomeAudio|Speakers|TowerSpeakers,2299.0,3999.0,1700.0,3.8,282,1071.6,8.152482269503546,14.180851063829786,3.8
"Electronics|HomeTheater,TV&Video|AVReceivers&Amplifiers",1990.0,3100.0,1110.0,4.0,897,3588.0,2.21850613154961,3.455964325529543,4.0
"Electronics|HomeTheater,TV&Video|Accessories|3DGlasses",2699.0,3500.0,801.0,3.5,621,2173.5,4.3462157809983895,5.636070853462158,3.5
"Electronics|HomeTheater,TV&Video|Accessories|Cables|HDMICables",9751.0,28206.0,18455.0,4.254166666666667,1906054,8354564.100000001,0.005115804693885903,0.014798111700927676,4.38317282721266
"Electronics|HomeTheater,TV&Video|Accessories|Cables|OpticalCables",1991.0,4198.0,2207.0,4.133333333333334,63611,266453.2,0.03129961799059911,0.06599487510021852,4.188791246796938
"Electronics|HomeTheater,TV&Video|Accessories|Cables|RCACables",928.0,1958.0,1030.0,4.300000000000001,73834,324010.4,0.012568735271013355,0.026518947910176883,4.3883630847577
"Electronics|HomeTheater,TV&Video|Accessories|Cables|SpeakerCables",399.0,795.0,396.0,4.4,12091,53200.4,0.0329997518815648,0.06575138532792986,4.4
"Electronics|HomeTheater,TV&Video|Accessories|RemoteControls",21508.0,57352.0,35844.0,3.8,34485,135463.4,0.6236914600550965,1.663099898506597,3.928183268087574
"Electronics|HomeTheater,TV&Video|Accessories|TVMounts,Stands&Turntables|TVWall&CeilingMounts",5236.0,10748.0,5512.0,4.033333333333333,7210,28814.899999999998,0.7262135922330097,1.4907073509015256,3.996518723994452
"Electronics|HomeTheater,TV&Video|Projectors",29970.0,54880.0,24910.0,4.133333333333334,10514,41011.5,2.850485067529009,5.219707057256991,3.900656267833365
"Electronics|HomeTheater,TV&Video|SatelliteEquipment|SatelliteReceivers",3465.0,7097.0,3632.0,4.266666666666667,11237,47989.1,0.30835632286197384,0.6315742635934858,4.270632731156002
"Electronics|HomeTheater,TV&Video|Televisions|SmartTelevisions",1564932.0,2528369.0,963437.0,4.20952380952381,760279,3215268.8,2.058365415853917,3.3255804776930575,4.229064330331365
"Electronics|HomeTheater,TV&Video|Televisions|StandardTelevisions",43085.0,91978.0,48893.0,4.066666666666666,14176,58074.0,3.0392917607223477,6.48829006772009,4.096642212189616
Electronics|Mobiles&Accessories|MobileAccessories|AutomobileAccessories|Cradles,1437.0,3997.0,2560.0,3.966666666666667,68679,270076.1,0.020923426374874415,0.05819828477409397,3.9324407752005706
Electronics|Mobiles&Accessories|MobileAccessories|Cables&Adapters|OTGAdapters,278.0,994.0,716.0,4.25,19156,81873.7,0.014512424305700563,0.05188974733764878,4.274049906034663
Electronics|Mobiles&Accessories|MobileAccessories|Cases&Covers|BasicCases,2551.0,7796.0,5245.0,4.2,10641,44069.7,0.23973310779062118,0.7326379099708674,4.141499859035805
Electronics|Mobiles&Accessories|MobileAccessories|Chargers|AutomobileChargers,2479.0,5995.0,3516.0,4.18,73435,306872.1,0.03375774494450875,0.08163682167903588,4.178826172805882
Electronics|Mobiles&Accessories|MobileAccessories|Chargers|PowerBanks,18619.0,30288.0,11669.0,4.125,688810,2925103.0,0.02703067609355265,0.04397148705738883,4.246603562666047
Electronics|Mobiles&Accessories|MobileAccessories|Chargers|WallChargers,8750.0,19497.0,10747.0,4.14375,115626,481004.7,0.07567502118900593,0.16862124435680556,4.160004670229879
Electronics|Mobiles&Accessories|MobileAccessories|Décor,507.0,2095.0,1588.0,4.16,17845,73749.2,0.028411319697394227,0.11739983188568226,4.132765480526758
Electronics|Mobiles&Accessories|MobileAccessories|Décor|PhoneCharms,99.0,999.0,900.0,4.4,305,1342.0,0.32459016393442625,3.275409836065574,4.4
"Electronics|Mobiles&Accessories|MobileAccessories|Maintenance,Upkeep&Repairs|ScreenProtectors",4044.0,12093.0,8049.0,4.471428571428571,55386,251210.19999999998,0.07301484129563428,0.21834037482396274,4.5356263315639325
Electronics|Mobiles&Accessories|MobileAccessories|Mounts|Bedstand&DeskMounts,750.0,2898.0,2148.0,3.9,4709,18013.3,0.15926948396687196,0.6154172860479932,3.825291994053939
Electronics|Mobiles&Accessories|MobileAccessories|Mounts|HandlebarMounts,689.0,1999.0,1310.0,4.3,1193,5129.9,0.5775356244761106,1.6756077116512993,4.3
Electronics|Mobiles&Accessories|MobileAccessories|Mounts|Shower&WallMounts,89.0,499.0,410.0,4.1,9340,38294.0,0.009528907922912206,0.05342612419700214,4.1
Electronics|Mobiles&Accessories|MobileAccessories|Photo&VideoAccessories|Flashes&SelfieLights|SelfieLights,1699.0,3495.0,1796.0,4.1,14371,58921.09999999999,0.11822420151694385,0.24319810729942246,4.1
Electronics|Mobiles&Accessories|MobileAccessories|Photo&VideoAccessories|SelfieSticks,4995.0,13395.0,8400.0,4.26,21814,89006.0,0.2289813880993857,0.6140551939121665,4.080223709544329
Electronics|Mobiles&Accessories|MobileAccessories|Photo&VideoAccessories|Tripods,539.0,1599.0,1060.0,3.8,14648,55662.399999999994,0.036796832332058986,0.1091616602949208,3.8
Electronics|Mobiles&Accessories|MobileAccessories|Stands,1790.0,8090.0,6300.0,4.159999999999999,131497,570759.3,0.01361247785120573,0.061522316098466125,4.340473927161836
Electronics|Mobiles&Accessories|MobileAccessories|StylusPens,12468.0,34992.0,22524.0,4.15,93214,375971.8,0.13375673182140022,0.37539425408200483,4.033426309352672
Electronics|Mobiles&Accessories|Smartphones&BasicMobiles|BasicMobiles,15497.0,19403.0,3906.0,3.9111111111111114,550259,2198318.5,0.02816310137589753,0.03526157682109697,3.9950614165329417
Electronics|Mobiles&Accessories|Smartphones&BasicMobiles|Smartphones,1071302.0,1400351.0,329049.0,4.1000000000000005,2493269,10230087.7,0.42967766414293845,0.5616525934425848,4.103082218565265
Electronics|PowerAccessories|SurgeProtectors,1289.0,1499.0,210.0,4.5,20668,93006.0,0.06236694406812464,0.07252757886587963,4.5
Electronics|WearableTechnology|SmartWatches,177817.0,650162.0,472345.0,4.0249999999999995,1644476,6715272.6,0.10812988453464811,0.39536119712297413,4.083533356522078
Health&PersonalCare|HomeMedicalSupplies&Equipment|HealthMonitors|WeighingScales|DigitalBathroomScales,899.0,1900.0,1001.0,4.0,3663,14652.0,0.24542724542724542,0.5187005187005187,4.0
Home&Kitchen|CraftMaterials|DrawingMaterials|DrawingMedia|Pencils|WoodenPencils,99.0,99.0,0.0,4.3,5036,21654.8,0.01965845909451946,0.01965845909451946,4.3
Home&Kitchen|CraftMaterials|DrawingMaterials|DrawingMedia|Pens,90.0,100.0,10.0,4.4,10718,47159.200000000004,0.008397089009143497,0.009330098899048329,4.4
Home&Kitchen|CraftMaterials|PaintingMaterials,230.0,230.0,0.0,4.5,9427,42421.5,0.02439800572822743,0.02439800572822743,4.5
Home&Kitchen|CraftMaterials|PaintingMaterials|Paints,701.0,765.0,64.0,4.433333333333334,23255,102910.20000000001,0.03014405504192647,0.032896151365297784,4.425293485271985
Home&Kitchen|CraftMaterials|Scrapbooking|Tape,130.0,165.0,35.0,3.9,14778,57634.2,0.008796860197591013,0.011165245635403978,3.9
"Home&Kitchen|Heating,Cooling&AirQuality|AirConditioners|Split-SystemAirConditioners",42990.0,75990.0,33000.0,4.3,3231,13893.3,13.30547818012999,23.51903435468895,4.3
"Home&Kitchen|Heating,Cooling&AirQuality|AirPurifiers|HEPAAirPurifiers",47668.0,108453.0,60785.0,4.275,14069,60049.0,3.388158362356955,7.70865022389651,4.26817826426896
"Home&Kitchen|Heating,Cooling&AirQuality|Fans|CeilingFans",22615.0,36849.0,14234.0,4.1090909090909085,110015,455845.39999999997,0.20556287778939236,0.3349452347407172,4.1434840703540425
"Home&Kitchen|Heating,Cooling&AirQuality|Fans|ExhaustFans",4397.0,5740.0,1343.0,4.1000000000000005,28831,118184.09999999999,0.15250945163192398,0.19909125593978705,4.099202247580728
"Home&Kitchen|Heating,Cooling&AirQuality|Fans|PedestalFans",1982.84,3300.0,1317.16,4.1,5873,24079.3,0.33761961518814915,0.5618934105227311,4.1
"Home&Kitchen|Heating,Cooling&AirQuality|Fans|TableFans",3347.0,5820.0,2473.0,3.9499999999999997,4767,19425.6,0.7021187329557373,1.2208936438011329,4.075015733165513
"Home&Kitchen|Heating,Cooling&AirQuality|Humidifiers",6038.0,10148.0,4110.0,3.966666666666667,4353,17377.6,1.3870893636572479,2.3312657937054904,3.9920974040891335
"Home&Kitchen|Heating,Cooling&AirQuality|Parts&Accessories|FanParts&Accessories",699.0,1690.0,991.0,4.1,3524,14448.4,0.19835414301929624,0.47956867196367764,4.1
"Home&Kitchen|Heating,Cooling&AirQuality|RoomHeaters",9048.0,18999.0,9951.0,3.9,4850,19022.2,1.8655670103092783,3.917319587628866,3.922103092783505
"Home&Kitchen|Heating,Cooling&AirQuality|RoomHeaters|ElectricHeaters",39941.77,65600.0,25658.23,3.8899999999999997,26811,101052.4,1.489753086419753,2.4467569281265154,3.7690649360337174
"Home&Kitchen|Heating,Cooling&AirQuality|RoomHeaters|FanHeaters",49403.0,84725.0,35322.0,3.81,35746,144175.4,1.382056733620545,2.370195266603256,4.033329603312259
"Home&Kitchen|Heating,Cooling&AirQuality|RoomHeaters|HalogenHeaters",3608.0,5638.0,2030.0,3.6,1127,4101.9,3.2014196983141083,5.002661934338953,3.639662821650399
"Home&Kitchen|Heating,Cooling&AirQuality|RoomHeaters|HeatConvectors",4418.0,6070.0,1652.0,3.7,2026,7605.2,2.1806515301085883,2.996051332675222,3.7538005923000988
"Home&Kitchen|Heating,Cooling&AirQuality|WaterHeaters&Geysers|ImmersionRods",6504.0,10605.0,4101.0,4.0777777777777775,94827,389554.0,0.06858806036255496,0.11183523679964567,4.108049395214443
"Home&Kitchen|Heating,Cooling&AirQuality|WaterHeaters&Geysers|InstantWaterHeaters",55250.0,104957.0,49707.0,4.052173913043478,143743,627340.6,0.38436654306644497,0.7301712083371016,4.364321045198722
"Home&Kitchen|Heating,Cooling&AirQuality|WaterHeaters&Geysers|StorageWaterHeaters",75880.0,140858.0,64978.0,4.141666666666667,67578,280471.2,1.1228506318624405,2.0843765722572436,4.150332948592737
Home&Kitchen|HomeStorage&Organization|LaundryOrganization|IroningAccessories|SprayBottles,274.0,498.0,224.0,4.15,2949,12364.6,0.0929128518141743,0.1688708036622584,4.192811122414378
Home&Kitchen|HomeStorage&Organization|LaundryOrganization|LaundryBags,320.0,799.0,479.0,4.2,3846,16153.2,0.08320332813312532,0.2077483099323973,4.2
Home&Kitchen|HomeStorage&Organization|LaundryOrganization|LaundryBaskets,5134.0599999999995,9920.0,4785.9400000000005,3.9923076923076923,46970,188870.1,0.10930508835426866,0.21119863742814562,4.021079412390888
Home&Kitchen|Kitchen&Dining|KitchenTools|ManualChoppers&Chippers|Choppers,199.0,495.0,296.0,4.1,270563,1109308.2999999998,0.0007355033762931369,0.0018295184485683557,4.1
"Home&Kitchen|Kitchen&HomeAppliances|Coffee,Tea&Espresso|CoffeeGrinders|ElectricGrinders",244.0,499.0,255.0,3.3,478,1577.3999999999999,0.5104602510460251,1.0439330543933054,3.3
"Home&Kitchen|Kitchen&HomeAppliances|Coffee,Tea&Espresso|CoffeeMakerAccessories|MeasuringSpoons",612.0,1449.0,837.0,4.2,11371,47583.399999999994,0.05382112391170522,0.1274294257321256,4.184627561340251
"Home&Kitchen|Kitchen&HomeAppliances|Coffee,Tea&Espresso|CoffeePresses",1099.0,1500.0,401.0,4.5,1065,4792.5,1.031924882629108,1.408450704225352,4.5
"Home&Kitchen|Kitchen&HomeAppliances|Coffee,Tea&Espresso|DripCoffeeMachines",5022.0,7393.0,2371.0,4.08,7183,29432.5,0.6991507726576639,1.0292356953918975,4.097521926771544
"Home&Kitchen|Kitchen&HomeAppliances|Coffee,Tea&Espresso|EspressoMachines",4799.0,5795.0,996.0,3.9,3815,14878.5,1.2579292267365663,1.5190039318479684,3.9
"Home&Kitchen|Kitchen&HomeAppliances|Coffee,Tea&Espresso|MilkFrothers",1557.0,2397.0,840.0,3.733333333333333,5037,20315.199999999997,0.30911256700416917,0.47587849910661106,4.033194361723248
"Home&Kitchen|Kitchen&HomeAppliances|Coffee,Tea&Espresso|StovetopEspressoPots",599.0,1299.0,700.0,4.2,590,2478.0,1.0152542372881357,2.201694915254237,4.2
Home&Kitchen|Kitchen&HomeAppliances|SewingMachines&Accessories|Sewing&EmbroideryMachines,13567.0,19246.0,5679.0,3.65,19050,76509.59999999999,0.7121784776902887,1.0102887139107612,4.016251968503936
Home&Kitchen|Kitchen&HomeAppliances|SmallKitchenAppliances,2599.0,4290.0,1691.0,4.4,2116,9310.400000000001,1.2282608695652173,2.0274102079395084,4.4
Home&Kitchen|Kitchen&HomeAppliances|SmallKitchenAppliances|DeepFatFryers|AirFryers,31382.0,60584.0,29202.0,4.46,12237,55720.4,2.564517447086704,4.950886655225954,4.55343629974667
Home&Kitchen|Kitchen&HomeAppliances|SmallKitchenAppliances|DigitalKitchenScales,5529.0,15680.0,10151.0,4.08,75603,302525.0,0.07313201857069164,0.20739917728132481,4.001494649683214
Home&Kitchen|Kitchen&HomeAppliances|SmallKitchenAppliances|DigitalKitchenScales|DigitalScales,1038.0,1739.0,701.0,4.3,9702,41718.6,0.10698824984539271,0.1792413935271078,4.3
Home&Kitchen|Kitchen&HomeAppliances|SmallKitchenAppliances|EggBoilers,8940.0,18468.0,9528.0,4.290909090909091,29443,122486.5,0.3036375369357742,0.6272458648914853,4.160122949427707
Home&Kitchen|Kitchen&HomeAppliances|SmallKitchenAppliances|HandBlenders,19010.0,29846.0,10836.0,4.057894736842105,86038,354770.8,0.22094888305167484,0.3468932332225296,4.123419884237197
Home&Kitchen|Kitchen&HomeAppliances|SmallKitchenAppliances|HandMixers,2952.0,4893.0,1941.0,4.233333333333333,22333,95049.8,0.13218107732951237,0.21909282228092958,4.2560247167868175
Home&Kitchen|Kitchen&HomeAppliances|SmallKitchenAppliances|InductionCooktop,21139.0,37657.0,16518.0,4.05,169167,678769.0,0.12495935968599077,0.22260251703937528,4.012419679961222
Home&Kitchen|Kitchen&HomeAppliances|SmallKitchenAppliances|JuicerMixerGrinders,32941.0,53596.0,20655.0,3.891666666666667,64060,258795.4,0.5142210427724009,0.8366531376834218,4.039890727443022
Home&Kitchen|Kitchen&HomeAppliances|SmallKitchenAppliances|Juicers,6998.0,11194.0,4196.0,3.7,6337,23016.7,1.104308032191889,1.766451002051444,3.6321129872179267
Home&Kitchen|Kitchen&HomeAppliances|SmallKitchenAppliances|Juicers|ColdPressJuicers,12609.0,23999.0,11390.0,4.4,2288,10067.2,5.510926573426573,10.489073426573427,4.4
Home&Kitchen|Kitchen&HomeAppliances|SmallKitchenAppliances|Kettles&HotWaterDispensers|ElectricKettles,21228.0,35087.0,13859.0,4.031578947368421,322958,1277051.9,0.06572990915227367,0.10864260987496827,3.954235225633054
Home&Kitchen|Kitchen&HomeAppliances|SmallKitchenAppliances|Kettles&HotWaterDispensers|Kettle&ToasterSets,12625.0,23037.0,10412.0,3.9615384615384617,68465,281446.10000000003,0.18440078872416563,0.33647849266048346,4.1108025998685465
Home&Kitchen|Kitchen&HomeAppliances|SmallKitchenAppliances|Mills&Grinders|WetGrinders,7367.66,9486.0,2118.34,3.8,14499,56213.7,0.5081495275536244,0.654252017380509,3.8770742809848953
Home&Kitchen|Kitchen&HomeAppliances|SmallKitchenAppliances|MiniFoodProcessors&Choppers,10283.0,17680.0,7397.0,4.0375,20908,89830.40000000001,0.4918213124163,0.8456093361392768,4.2964606849053
Home&Kitchen|Kitchen&HomeAppliances|SmallKitchenAppliances|MixerGrinders,81127.48,142819.0,61691.52,4.011111111111111,318321,1273291.2,0.254860596693275,0.4486634560710729,4.000022618677373
Home&Kitchen|Kitchen&HomeAppliances|SmallKitchenAppliances|OvenToasterGrills,10298.0,10994.0,696.0,4.25,18607,79208.9,0.5534476272370613,0.5908529048207664,4.256940936206804
Home&Kitchen|Kitchen&HomeAppliances|SmallKitchenAppliances|Pop-upToasters,4693.0,5389.0,696.0,4.333333333333333,21524,93718.59999999999,0.21803568110016724,0.2503716781267422,4.354144211113176
Home&Kitchen|Kitchen&HomeAppliances|SmallKitchenAppliances|Rice&PastaCookers,13259.0,19330.0,6071.0,3.96,21995,85014.7,0.6028188224596499,0.8788360991134349,3.865182996135485
Home&Kitchen|Kitchen&HomeAppliances|SmallKitchenAppliances|RotiMakers,1999.0,2999.0,1000.0,4.4,388,1707.2,5.152061855670103,7.729381443298969,4.4
Home&Kitchen|Kitchen&HomeAppliances|SmallKitchenAppliances|SandwichMakers,16121.0,25943.0,9822.0,4.1000000000000005,77155,319223.7,0.2089430367442162,0.33624522065971096,4.137433737282095
Home&Kitchen|Kitchen&HomeAppliances|SmallKitchenAppliances|SmallApplianceParts&Accessories,688.0,747.0,59.0,4.5,2280,10260.0,0.3017543859649123,0.32763157894736844,4.5
Home&Kitchen|Kitchen&HomeAppliances|SmallKitchenAppliances|SmallApplianceParts&Accessories|StandMixerAccessories,635.0,635.0,0.0,4.3,4570,19651.0,0.1389496717724289,0.1389496717724289,4.3
Home&Kitchen|Kitchen&HomeAppliances|SmallKitchenAppliances|StandMixers,5999.0,11495.0,5496.0,4.3,534,2296.2,11.234082397003744,21.526217228464418,4.3
Home&Kitchen|Kitchen&HomeAppliances|SmallKitchenAppliances|VacuumSealers,2712.0,4064.0,1352.0,3.6714285714285713,26029,109049.8,0.10419147873525683,0.1561335433554881,4.189550117176995
Home&Kitchen|Kitchen&HomeAppliances|SmallKitchenAppliances|WaffleMakers&Irons,2997.0,6398.0,3401.0,4.033333333333333,2073,8179.6,1.4457308248914615,3.0863482875060297,3.945779064158225
Home&Kitchen|Kitchen&HomeAppliances|SmallKitchenAppliances|YogurtMakers,587.0,1295.0,708.0,4.1,557,2283.7,1.0538599640933572,2.324955116696589,4.1
"Home&Kitchen|Kitchen&HomeAppliances|Vacuum,Cleaning&Ironing|Irons,Steamers&Accessories|Irons|DryIrons",18292.0,28308.0,10016.0,4.129166666666666,258512,1075993.8,0.07075880423345918,0.10950362072166862,4.162258618555425
"Home&Kitchen|Kitchen&HomeAppliances|Vacuum,Cleaning&Ironing|Irons,Steamers&Accessories|Irons|SteamIrons",36855.0,49669.0,12814.0,4.033333333333333,66017,276580.6,0.5582652953027251,0.7523668146083584,4.189536028598694
"Home&Kitchen|Kitchen&HomeAppliances|Vacuum,Cleaning&Ironing|Irons,Steamers&Accessories|LintShavers",11124.0,23356.0,12232.0,4.036363636363636,22983,94544.0,0.48400992037593005,1.0162293869381718,4.113649218987947
"Home&Kitchen|Kitchen&HomeAppliances|Vacuum,Cleaning&Ironing|PressureWashers,Steam&WindowCleaners",15687.0,27988.0,12301.0,4.2,1484,6304.799999999999,10.570754716981131,18.859838274932613,4.248517520215633
"Home&Kitchen|Kitchen&HomeAppliances|Vacuum,Cleaning&Ironing|Vacuums&FloorCare|VacuumAccessories|VacuumBags|HandheldBags",253.0,500.0,247.0,4.3,2664,11455.199999999999,0.09496996996996997,0.18768768768768768,4.3
"Home&Kitchen|Kitchen&HomeAppliances|Vacuum,Cleaning&Ironing|Vacuums&FloorCare|Vacuums|CanisterVacuums",21596.0,29793.0,8197.0,4.175000000000001,64051,262733.7,0.33716881859768,0.4651449626079218,4.101945324819285
"Home&Kitchen|Kitchen&HomeAppliances|Vacuum,Cleaning&Ironing|Vacuums&FloorCare|Vacuums|HandheldVacuums",22243.0,40475.0,18232.0,3.962073087431694,19567,78294.31202185793,1.136760872898247,2.0685337558133594,4.001344714154338
"Home&Kitchen|Kitchen&HomeAppliances|Vacuum,Cleaning&Ironing|Vacuums&FloorCare|Vacuums|RoboticVacuums",46899.0,89899.0,43000.0,4.25,7834,33708.8,5.9865968853714575,11.47549144753638,4.302884860862906
"Home&Kitchen|Kitchen&HomeAppliances|Vacuum,Cleaning&Ironing|Vacuums&FloorCare|Vacuums|Wet-DryVacuums",33878.0,59141.0,25263.0,4.033333333333333,32736,132317.9,1.0348851417399805,1.8066043499511242,4.041969086021505
Home&Kitchen|Kitchen&HomeAppliances|WaterPurifiers&Accessories|WaterCartridges,2379.0,2440.0,61.0,4.033333333333333,23629,97426.0,0.10068136611790596,0.10326293960810869,4.123153751745736
Home&Kitchen|Kitchen&HomeAppliances|WaterPurifiers&Accessories|WaterFilters&Purifiers,84183.0,187426.0,103243.0,4.175,78109,312254.60000000003,1.077763125888182,2.3995442266576195,3.997677604373376
Home&Kitchen|Kitchen&HomeAppliances|WaterPurifiers&Accessories|WaterPurifierAccessories,4505.0,8179.0,3674.0,3.9181818181818184,25794,105411.7,0.17465302008218966,0.31708924556098317,4.0866751957819645
HomeImprovement|Electrical|Adapters&Multi-Outlets,425.0,999.0,574.0,4.0,2581,10324.0,0.164664858581945,0.3870592793490895,4.0
HomeImprovement|Electrical|CordManagement,249.0,599.0,350.0,4.5,5985,26932.5,0.04160401002506266,0.10008354218880534,4.5
MusicalInstruments|Microphones|Condenser,1276.0,2694.0,1418.0,3.9,88882,351484.4,0.0143561125987264,0.030309849013298532,3.954505974213002
OfficeProducts|OfficeElectronics|Calculators|Basic,440.0,440.0,0.0,4.5,8610,38745.0,0.05110336817653891,0.05110336817653891,4.5
OfficeProducts|OfficeElectronics|Calculators|Financial&Business,535.0,535.0,0.0,4.4,4426,19474.4,0.12087663804789878,0.12087663804789878,4.4
OfficeProducts|OfficeElectronics|Calculators|Scientific,1817.0,1845.0,28.0,4.45,17939,79507.6,0.1012876971960533,0.10284854228217849,4.432108813200291
OfficeProducts|OfficePaperProducts|Paper|Copy&PrintingPaper|ColouredPaper,99.0,99.0,0.0,4.3,388,1668.3999999999999,0.2551546391752577,0.2551546391752577,4.3
"OfficeProducts|OfficePaperProducts|Paper|Stationery|Notebooks,WritingPads&Diaries",1399.0,2999.0,1600.0,4.3,3530,15179.0,0.3963172804532578,0.8495750708215297,4.3
"OfficeProducts|OfficePaperProducts|Paper|Stationery|Notebooks,WritingPads&Diaries|CompositionNotebooks",1590.0,1875.0,285.0,4.371428571428572,23333,103241.70000000001,0.0681438306261518,0.08035829083272618,4.4247074958213695
"OfficeProducts|OfficePaperProducts|Paper|Stationery|Notebooks,WritingPads&Diaries|Notepads&MemoBooks",288.0,975.0,687.0,4.25,16773,70998.0,0.01717045251296727,0.05812913611160794,4.232874262207119
"OfficeProducts|OfficePaperProducts|Paper|Stationery|Notebooks,WritingPads&Diaries|WireboundNotebooks",565.0,600.0,35.0,4.4,28521,125009.4,0.019809964587496932,0.021037130535394973,4.3830651099190066
"OfficeProducts|OfficePaperProducts|Paper|Stationery|Pens,Pencils&WritingSupplies|Pens&Refills|BottledInk",190.0,200.0,10.0,4.3,6156,26470.8,0.030864197530864196,0.03248862897985705,4.3
"OfficeProducts|OfficePaperProducts|Paper|Stationery|Pens,Pencils&WritingSupplies|Pens&Refills|FountainPens",225.0,225.0,0.0,4.1,4798,19671.8,0.04689453939141309,0.04689453939141309,4.1
"OfficeProducts|OfficePaperProducts|Paper|Stationery|Pens,Pencils&WritingSupplies|Pens&Refills|GelInkRollerballPens",300.0,300.0,0.0,4.25,8420,35943.2,0.035629453681710214,0.035629453681710214,4.2687885985748215
"OfficeProducts|OfficePaperProducts|Paper|Stationery|Pens,Pencils&WritingSupplies|Pens&Refills|LiquidInkRollerballPens",510.0,520.0,10.0,4.15,8125,33505.1,0.06276923076923077,0.064,4.123704615384615
"OfficeProducts|OfficePaperProducts|Paper|Stationery|Pens,Pencils&WritingSupplies|Pens&Refills|RetractableBallpointPens",658.0,810.0,152.0,4.3,8169,35126.7,0.0805484147386461,0.09915534337128168,4.3
"OfficeProducts|OfficePaperProducts|Paper|Stationery|Pens,Pencils&WritingSupplies|Pens&Refills|StickBallpointPens",733.0,890.0,157.0,4.133333333333333,10487,43126.7,0.0698960617907886,0.08486697816344045,4.112396300181176
Toys&Games|Arts&Crafts|Drawing&PaintingSupplies|ColouringPens&Markers,150.0,150.0,0.0,4.3,15867,68228.09999999999,0.009453582907922102,0.009453582907922102,4.3
